timestamp,voltage,current,power_factor,temperature,load_kw,hour,day_of_week,energy_kwh,anomaly
2026-01-01 00:00:00,231.93,5.64,0.909,21.29,1.268,0,3,1.217,0
2026-01-01 01:00:00,223.85,4.45,0.918,23.07,1.066,1,3,1.015,0
2026-01-01 02:00:00,229.85,7.55,0.883,22.06,1.56,2,3,1.603,0
2026-01-01 03:00:00,227.47,9.0,0.908,22.96,1.733,3,3,1.795,0
2026-01-01 04:00:00,226.34,6.14,0.966,25.49,1.317,4,3,1.353,0
2026-01-01 05:00:00,227.37,8.45,0.94,21.38,1.836,5,3,1.701,0
2026-01-01 06:00:00,229.0,12.01,0.981,23.67,2.67,6,3,2.713,0
2026-01-01 07:00:00,232.75,13.27,0.961,24.37,3.057,7,3,2.974,0
2026-01-01 08:00:00,226.02,15.53,0.935,23.8,3.3,8,3,3.318,0
2026-01-01 09:00:00,230.09,12.65,0.981,27.61,2.849,9,3,2.735,0
2026-01-01 10:00:00,228.55,12.44,0.935,30.81,2.664,10,3,2.699,0
2026-01-01 11:00:00,229.02,9.67,0.949,29.35,2.06,11,3,1.995,0
2026-01-01 12:00:00,233.01,7.19,0.91,30.36,1.505,12,3,1.403,0
2026-01-01 13:00:00,231.61,7.54,0.922,31.82,1.576,13,3,1.633,0
2026-01-01 14:00:00,234.01,6.97,0.896,31.85,1.496,14,3,1.516,0
2026-01-01 15:00:00,229.54,7.09,0.955,28.7,1.505,15,3,1.456,0
2026-01-01 16:00:00,227.91,11.9,0.879,30.44,2.301,16,3,2.417,0
2026-01-01 17:00:00,229.33,11.99,0.947,27.2,2.657,17,3,2.622,0
2026-01-01 18:00:00,230.73,16.95,0.913,24.49,3.619,18,3,3.622,0
2026-01-01 19:00:00,230.53,16.81,0.961,23.89,3.651,19,3,3.672,0
2026-01-01 20:00:00,226.75,15.95,0.946,21.34,3.432,20,3,3.383,0
2026-01-01 21:00:00,230.27,12.75,0.984,21.57,2.809,21,3,2.847,0
2026-01-01 22:00:00,230.68,19.39,0.946,21.89,4.253,22,3,4.21,1
2026-01-01 23:00:00,237.55,9.19,0.865,23.58,1.813,23,3,1.781,0
2026-01-02 00:00:00,235.63,5.15,0.918,25.1,1.106,0,4,1.215,0
2026-01-02 01:00:00,227.44,6.15,0.879,19.65,1.217,1,4,1.134,0
2026-01-02 02:00:00,229.14,7.71,0.902,23.24,1.512,2,4,1.319,0
2026-01-02 03:00:00,225.61,7.23,0.973,21.3,1.607,3,4,1.736,0
2026-01-02 04:00:00,228.23,8.31,0.942,24.85,1.838,4,4,2.041,0
2026-01-02 05:00:00,230.95,10.61,0.896,24.73,2.217,5,4,2.185,0
2026-01-02 06:00:00,233.62,15.18,0.885,22.7,3.113,6,4,2.958,0
2026-01-02 07:00:00,227.81,14.08,0.921,28.71,3.037,7,4,3.012,0
2026-01-02 08:00:00,228.04,16.11,0.877,26.91,3.191,8,4,3.168,0
2026-01-02 09:00:00,223.56,20.24,0.897,27.87,4.084,9,4,4.069,1
2026-01-02 10:00:00,229.51,12.48,0.931,27.54,2.606,10,4,2.516,0
2026-01-02 11:00:00,226.81,9.21,0.96,28.69,2.137,11,4,2.183,0
2026-01-02 12:00:00,228.41,6.62,0.941,30.77,1.466,12,4,1.508,0
2026-01-02 13:00:00,227.37,5.56,0.84,29.52,1.143,13,4,1.024,0
2026-01-02 14:00:00,229.72,5.46,0.931,30.06,1.212,14,4,1.268,0
2026-01-02 15:00:00,224.73,8.93,0.923,29.48,1.838,15,4,2.002,0
2026-01-02 16:00:00,225.6,11.26,0.934,30.38,2.384,16,4,2.397,0
2026-01-02 17:00:00,236.39,12.88,0.977,26.42,2.988,17,4,2.961,0
2026-01-02 18:00:00,226.14,17.07,0.848,23.34,3.28,18,4,3.268,0
2026-01-02 19:00:00,226.71,18.26,0.899,26.89,3.713,19,4,3.762,0
2026-01-02 20:00:00,235.51,15.54,0.941,23.4,3.499,20,4,3.36,0
2026-01-02 21:00:00,238.72,14.74,0.865,25.18,3.007,21,4,3.02,0
2026-01-02 22:00:00,226.49,11.7,0.972,23.23,2.539,22,4,2.508,0
2026-01-02 23:00:00,228.9,12.16,0.933,21.9,2.575,23,4,2.723,1
2026-01-03 00:00:00,231.02,6.29,0.95,22.63,1.35,0,5,1.336,0
2026-01-03 01:00:00,235.19,6.26,0.9,25.65,1.309,1,5,1.443,0
2026-01-03 02:00:00,227.04,7.28,0.948,26.27,1.459,2,5,1.37,0
2026-01-03 03:00:00,229.26,7.57,0.957,23.3,1.665,3,5,1.712,0
2026-01-03 04:00:00,232.33,6.54,0.928,24.29,1.426,4,5,1.452,0
2026-01-03 05:00:00,231.3,9.37,0.928,26.9,2.052,5,5,1.983,0
2026-01-03 06:00:00,228.87,11.67,0.929,24.48,2.538,6,5,2.552,0
2026-01-03 07:00:00,229.6,14.31,0.89,27.63,2.986,7,5,3.083,0
2026-01-03 08:00:00,225.88,15.47,0.915,27.95,3.243,8,5,3.217,0
2026-01-03 09:00:00,229.29,16.03,0.915,29.39,3.366,9,5,3.23,0
2026-01-03 10:00:00,229.2,10.74,0.933,27.96,2.28,10,5,2.278,0
2026-01-03 11:00:00,230.7,9.55,0.955,27.0,2.102,11,5,2.029,0
2026-01-03 12:00:00,228.33,5.37,0.883,26.27,1.121,12,5,1.093,0
2026-01-03 13:00:00,231.41,8.96,0.916,27.85,1.852,13,5,1.845,1
2026-01-03 14:00:00,233.04,6.5,0.972,28.64,1.429,14,5,1.293,0
2026-01-03 15:00:00,230.47,8.81,0.894,28.3,1.823,15,5,1.694,0
2026-01-03 16:00:00,231.06,11.38,0.891,31.49,2.377,16,5,2.415,0
2026-01-03 17:00:00,230.16,14.4,0.927,29.03,3.043,17,5,3.001,0
2026-01-03 18:00:00,230.0,15.38,0.95,24.27,3.349,18,5,3.144,0
2026-01-03 19:00:00,227.84,16.62,0.92,25.59,3.56,19,5,3.623,0
2026-01-03 20:00:00,230.95,16.39,0.967,23.27,3.662,20,5,3.684,0
2026-01-03 21:00:00,229.71,13.43,0.95,22.66,2.917,21,5,2.86,0
2026-01-03 22:00:00,236.28,8.99,0.949,22.87,2.067,22,5,1.962,0
2026-01-03 23:00:00,234.72,7.3,0.939,23.25,1.598,23,5,1.665,0
2026-01-04 00:00:00,231.16,4.0,0.99,21.39,0.998,0,6,1.026,0
2026-01-04 01:00:00,227.71,9.94,0.913,24.05,1.997,1,6,2.188,1
2026-01-04 02:00:00,226.66,7.72,0.85,20.48,1.426,2,6,1.46,0
2026-01-04 03:00:00,233.57,7.3,0.976,23.18,1.678,3,6,1.709,0
2026-01-04 04:00:00,230.79,8.01,0.904,28.68,1.653,4,6,1.639,0
2026-01-04 05:00:00,231.44,9.49,0.924,25.37,2.157,5,6,2.223,0
2026-01-04 06:00:00,224.77,12.51,0.966,28.58,2.779,6,6,2.829,0
2026-01-04 07:00:00,232.78,15.14,0.864,27.2,3.059,7,6,3.159,0
2026-01-04 08:00:00,231.36,16.52,0.876,29.05,3.404,8,6,3.362,0
2026-01-04 09:00:00,226.67,14.94,0.864,28.73,2.891,9,6,2.856,0
2026-01-04 10:00:00,228.59,12.22,0.892,29.16,2.39,10,6,2.352,0
2026-01-04 11:00:00,230.79,8.06,0.935,28.46,1.804,11,6,1.868,0
2026-01-04 12:00:00,230.16,5.48,0.938,30.77,1.228,12,6,1.348,0
2026-01-04 13:00:00,229.12,6.8,0.93,28.33,1.435,13,6,1.398,0
2026-01-04 14:00:00,229.69,6.86,0.871,30.66,1.29,14,6,1.256,0
2026-01-04 15:00:00,229.24,8.52,0.839,30.78,1.697,15,6,1.722,0
2026-01-04 16:00:00,230.46,11.01,0.922,28.66,2.326,16,6,2.306,0
2026-01-04 17:00:00,234.41,14.46,0.903,26.52,2.967,17,6,3.043,0
2026-01-04 18:00:00,222.3,16.76,0.936,26.82,3.573,18,6,3.392,0
2026-01-04 19:00:00,229.29,16.49,0.945,24.41,3.64,19,6,3.574,0
2026-01-04 20:00:00,230.53,15.75,0.925,25.68,3.38,20,6,3.317,0
2026-01-04 21:00:00,230.89,13.33,0.947,19.88,2.941,21,6,2.756,0
2026-01-04 22:00:00,228.88,9.51,0.928,21.93,1.976,22,6,1.899,0
2026-01-04 23:00:00,224.73,7.31,0.939,18.55,1.529,23,6,1.456,0
2026-01-05 00:00:00,230.98,3.95,0.895,19.31,0.91,0,0,0.894,0
2026-01-05 01:00:00,235.18,5.13,0.914,24.59,1.075,1,0,1.164,0
2026-01-05 02:00:00,225.4,6.95,0.927,24.15,1.483,2,0,1.463,0
2026-01-05 03:00:00,232.59,6.33,0.949,21.88,1.327,3,0,1.245,0
